Gene,LGG_n,GBM_n,LGG_median,GBM_median,Median_difference_GBM_minus_LGG,U_statistic,Cliffs_delta,P_value,Adjusted_p_value
CXCL10,516,154,3.24335,7.634650000000001,4.391300000000001,8020.0,0.7981475888452633,3.7846141312161105e-51,3.78461413121611e-50
CASP1,516,154,6.9028,8.5955,1.6926999999999994,14159.0,0.6436373703815564,7.1849979346561635e-34,3.5924989673280815e-33
PYCARD,516,154,6.9668,8.18345,1.2166500000000005,16613.0,0.5818735528037854,5.482419426791945e-28,1.8274731422639817e-27
IL18,516,154,7.0878,8.250350000000001,1.1625500000000013,21068.5,0.46973472264169935,8.46516979272831e-19,2.1162924481820774e-18
AIF1,516,154,9.03325,9.90385,0.8705999999999996,24570.0,0.38160676532769555,6.356572080491434e-13,1.2713144160982868e-12
IL1B,516,154,6.1417,7.44115,1.2994500000000002,25533.0,0.3573693748112353,1.6307474515333737e-11,2.7179124192222895e-11
TLR4,516,154,9.858899999999998,9.5708,-0.28809999999999825,47186.5,-0.18761955099164407,0.00040596807423668693,0.0005799543917666956
TNF,516,154,4.61625,4.2833,-0.3329500000000003,42642.5,-0.07325329709050643,0.16743201900842075,0.20929002376052594
NLRP3,516,154,7.0903,7.03955,-0.05074999999999985,42228.5,-0.06283348434511216,0.2363730866809226,0.2626367629788029
CSF1R,516,154,11.56325,11.66305,0.09980000000000011,38270.0,0.03679653679653683,0.48809948767240885,0.48809948767240885
