Gene,LGG_median,GBM_median,Median_difference_GBM_minus_LGG,U_statistic,Cliffs_delta,Raw_p_value,BH_adjusted_p_value
CXCL10,3.24335,7.63465,4.3913,8020.0,0.798148,3.784614e-51,3.784614e-50
CASP1,6.9028,8.5955,1.6927,14159.0,0.643637,7.184998e-34,3.592499e-33
PYCARD,6.9668,8.18345,1.21665,16613.0,0.581874,5.482419e-28,1.827473e-27
IL18,7.0878,8.25035,1.16255,21068.5,0.469735,8.46517e-19,2.116292e-18
AIF1,9.03325,9.90385,0.8706,24570.0,0.381607,6.356572e-13,1.271314e-12
IL1B,6.1417,7.44115,1.29945,25533.0,0.357369,1.630747e-11,2.717912e-11
TLR4,9.8589,9.5708,-0.2881,47186.5,-0.18762,0.0004059681,0.0005799544
TNF,4.61625,4.2833,-0.33295,42642.5,-0.0732533,0.167432,0.20929
NLRP3,7.0903,7.03955,-0.05075,42228.5,-0.0628335,0.2363731,0.262637
CSF1R,11.56325,11.66305,0.0998,38270.0,0.036797,0.4880995,0.4880995
