Gene,N,Adjusted_GBM_coefficient,Adjusted_GBM_p,Age_coefficient,Gender_Male_coefficient,BH_adjusted_p
CXCL10,668,3.4728427230327474,7.847816716141255e-45,0.026930156417704482,0.13519902583923843,7.847816716141255e-44
CASP1,668,1.4651670410400268,2.6683278008700808e-28,0.0032118048869925545,0.06060814112986984,1.3341639004350402e-27
PYCARD,668,1.230182115519736,2.2990487132729888e-24,-0.0020212220994032734,0.04605697872756062,7.663495710909962e-24
IL18,668,1.0980985532008019,9.796903175216066e-16,-0.0014588099895850373,0.0533743323816335,2.4492257938040164e-15
AIF1,668,0.9654147701196868,1.300456176042357e-14,-0.00948279563696415,0.06376353986623523,2.600912352084714e-14
IL1B,668,1.4001523224055372,2.3574529805343706e-10,-0.010781394462133437,0.1488094181409247,3.9290883008906176e-10
CSF1R,668,0.384414958960342,0.0027156676182125018,-0.017003391046581946,0.011979752257215703,0.003879525168875003
TLR4,668,-0.13814481150250157,0.24591540632926542,-0.01280102376522421,0.04004513405373006,0.30739425791158176
NLRP3,668,0.04352145980838504,0.715287651990967,-0.010799613632722827,0.022231738575348395,0.7947640577677411
TNF,668,-0.04429562019108807,0.8247084989995039,-0.015244817891145892,0.3979651374235048,0.8247084989995039
